"Reference","Value","Datasheet","Footprint","Qty","DNP","Manufacturer_Part_Number"
"C201,C216,C614,C619,C701,C702,C703,C704","10u","~","-- mixed values --","8","","-- mixed values --"
"C202,C205","10p","~","Capacitor_SMD:C_0402_1005Metric","2","","GRM1555C1H100FA01D"
"C203,C204,C206,C208,C210,C213,C215,C405,C406,C415,C416,C417,C418,C611,C612,C616,C617","100n","~","Capacitor_SMD:C_0402_1005Metric","17","","CL05B104KO5NNNC"
"C207,C209","2u2","~","Capacitor_SMD:C_0603_1608Metric","2",""," 0603B225K250NT"
"C211,C401,C402,C501,C502","10n","~","Capacitor_SMD:C_0402_1005Metric","5","","CC0402KRX7R9BB103"
"C212,C214,C301,C409,C410,C411,C412,C413,C414,C613,C615,C618,C620","1u","~","-- mixed values --","13","","-- mixed values --"
"C403,C404","4.7u","~","Capacitor_SMD:C_1206_3216Metric","2","","1206B475K500NT"
"C407,C408","100u","~","Capacitor_SMD:CP_Elec_6.3x5.8","2","","EEEFT1V101AP"
"C419,C420,C421,C422,C423,C424","22u","~","Capacitor_SMD:C_0805_2012Metric","6","","CL21A226MAQNNNE"
"C503,C504,C505,C506","100p","~","Capacitor_SMD:C_0402_1005Metric","4","","0402CG101J500NT"
"C507,C508,C513","220n","~","-- mixed values --","3","","-- mixed values --"
"C509,C510,C511,C512","2200p","~","Capacitor_SMD:C_0805_2012Metric","4","","CL21C222JBFNNNE"
"C601,C602,C605,C610","20p","~","Capacitor_SMD:C_0402_1005Metric","4","","0402CG200J500NT"
"C603,C604","4.7n","~","Capacitor_SMD:C_0402_1005Metric","2","","CC0402JRX7R9BB472"
"C606,C607,C608,C609","20pf","~","Capacitor_SMD:C_0402_1005Metric","4","","0402CG200J500NT"
"D201,D203,D204,D205,D206,D207,D208,D209,D301,D302,D303,D304,D305,D403,D404,D407,D408,D502,D503,D504,D505","D_TVS","~","-- mixed values --","21","","-- mixed values --"
"D202,D409,D410","GREEN","~","LED_SMD:LED_0603_1608Metric","3","","VLMTG1401-GS08"
"D401,D402","D_Zener","~","Diode_SMD:D_SOD-323","2","","LM3Z3V3T1G"
"D405,D406","D_Schottky","~","Diode_SMD:D_SMA","2","","SS54"
"D501","RED","~","LED_SMD:LED_0603_1608Metric","1","","KT-0603R"
"D701,D702,D703,D704","40V","~","Diode_SMD:D_SOD-123","4",""," BZT52C30"
"F301,F302","Fuse","~","Fuse:Fuse_0805_2012Metric","2","","SMD0805B050TF"
"F401,F402","3A","~","Fuse:Fuse_1206_3216Metric","2","","12H1300C"
"IC501","BQ79600PWRQ1","https://www.arrow.com/en/products/bq79600pwrq1/texas-instruments","BQ79600:BQ79600","1","","BQ79600PWRQ1"
"J202","DM3AT-SF-PEJM5_40_","https://componentsearchengine.com/Datasheets/2/DM3AT-SF-PEJM5(40).pdf","SDIO:SD_CARD","1","",""
"J301,J302","Conn_01x04_Pin","~","Connector_PinHeader_2.54mm:PinHeader_1x04_P2.54mm_Vertical","2","",""
"J303","1376357-3","https://www.te.com/commerce/DocumentDelivery/DDEController?Action=showdoc&DocId=Customer+Drawing%7F1376357%7FA4%7Fpdf%7FJapanese%7FJPN_CD_1376357_A4.pdf%7F1376357-3","13763573","1","","1376357-3"
"J304,J305","430450200","430450200","molex_comm:CON_430450200_MOL","2","",""
"J306","Conn_01x02_Pin","~","Connector_PinHeader_2.54mm:PinHeader_1x02_P2.54mm_Vertical","1","",""
"L201","10n","~","Inductor_SMD:L_0402_1005Metric","1","","LQG15HN10NJ02D"
"L401,L402","1.2u","~","Inductor_SMD:L_Chilisin_BMRA00050530","2",""," BMRA000505301R2MA1"
"L403,L404","10u","~","Inductor_SMD:L_Sunlord_MWSA0603S","2","","MWSA0603S-100MT"
"L501,L502","WE-SLM","","WE-SLM:WE-SLM","2","","744242471"
"Q701,Q702,Q703,Q707","Q_NPN_BEC","~","Package_TO_SOT_SMD:SOT-23","4","","MMBT3904"
"Q704,Q705,Q706,Q708","Q_NMOS_GDS","~","Package_TO_SOT_SMD:TO-263-2","4","","IRF3205STRLPBF"
"R201,R409,R410,R501","1k","~","Resistor_SMD:R_0402_1005Metric","4","","0402WGF1001TCE"
"R202,R208,R209,R212,R507,R508,R509,R514,R601,R602,R607,R608,R701,R702,R703,R704,R705,R706,R710,R711","10k","~","Resistor_SMD:R_0402_1005Metric","20","","0402WGF1001TCE"
"R203,R211,R516,R517,R518,R519,R524,R525,R526,R527,R603,R604,R605,R606,R613,R614,R615,R616,R617,R618","0R","~","-- mixed values --","20","","-- mixed values --"
"R204,R205,R206,R207,R210,R301,R302,R303,R304","22R","~","-- mixed values --","9","","-- mixed values --"
"R305","2.2k","~","Resistor_SMD:R_1206_3216Metric","1","","FRC1206J220 TS"
"R401,R404","33k","~","Resistor_SMD:R_0402_1005Metric","2",""," 0402WGF3302TCE"
"R402,R403,R405,R506,R515,R707,R708,R709,R712","100k","~","Resistor_SMD:R_0402_1005Metric","9","","0402WGF1003TCE"
"R406,R408","22.1k","~","Resistor_SMD:R_0402_1005Metric","2","","0402WGF2212TCE"
"R407","162k","~","Resistor_SMD:R_0402_1005Metric","1","","FRC0402F1623TS"
"R502,R503,R504,R505","499","~","Resistor_SMD:R_0603_1608Metric","4","","0603WAF4990T5E"
"R510,R511,R512,R513","51","~","Resistor_SMD:R_1206_3216Metric","4","","C18019"
"R520,R521,R522,R523","0R","~","Resistor_SMD:R_0805_2012Metric","4","DNP","0805W8F0000T5E"
"R609,R610,R611,R612","60.4","~","Resistor_SMD:R_1210_3225Metric","4","","AC1210FR-0760R4L"
"U201","STM32F205RBTx","https://www.st.com/resource/en/datasheet/stm32f205rb.pdf","Package_QFP:LQFP-64_10x10mm_P0.5mm","1","","STM32F205RBT6"
"U401,U402","LMR51430","https://www.ti.com/lit/ds/symlink/lmr51430.pdf","Package_TO_SOT_SMD:SOT-23-6","2","","LMR51430YDDCR"
"U601,U602","PTCAN1462DRQ1","PTCAN1462DRQ1","CAN1462:CAN1462","2","","TCAN1462VDRQ1"
"Y201","16 Mhz","~","Crystal:Crystal_SMD_3225-4Pin_3.2x2.5mm","1","","X322516MLB4SI"
